nodeID,nodeLabel,latitude,longitude,mode,year
0,신설동 Sinseol-dong,127.02501629964439,37.57470352092281,heavy_rail,1980.0
1,용답 Yongdap,127.05089145944129,37.562130271486225,heavy_rail,1980.0
2,신답 Sindap,127.04718870606285,37.56967218514264,heavy_rail,1980.0
3,을지로3가 Euljiro 3-ga,126.99092186610513,37.56627533987652,heavy_rail,1983.0
4,삼성 Samseong,127.0631472368405,37.50882244170643,heavy_rail,1982.0
5,선릉 Seolleung,127.04892403886106,37.50446195459287,heavy_rail,1982.0
6,신당 Sindang,127.01967404885238,37.565670780540614,heavy_rail,1983.0
7,상왕십리 Sangwangsimni,127.02931713813524,37.564423796853916,heavy_rail,1983.0
8,왕십리 Wangsimni,127.03683736094189,37.56120800623307,heavy_rail,1983.0
9,낙성대 Nakseongdae,126.96351043651873,37.477031299349576,heavy_rail,1983.0
10,서울대입구 Seouldae-ipgu (Seoul National University),126.95274948005856,37.48120839715837,heavy_rail,1983.0
11,신도림 Sindorim,126.89129601856757,37.50890115478117,heavy_rail,1984.0
12,문래 Mullae,126.89487873479845,37.51821460545946,heavy_rail,1984.0
13,아현 Ahyeon,126.956187392569,37.557419949263036,heavy_rail,1984.0
14,충정로 Chungjeongno,126.96445604607669,37.55979757934824,heavy_rail,1984.0
15,영등포구청 Yeongdeungpo-gu Cheong (Yeongdeungpogu Office),126.89671883925138,37.525736029809394,heavy_rail,1984.0
16,이대 Idae (Ewha Womans University),126.94629521049586,37.556802982785214,heavy_rail,1984.0
17,구의 Guui,127.08600218755937,37.537083148208026,heavy_rail,1980.0
18,잠실새내 Jamsilsaenae,127.08593971131563,37.51158187935478,heavy_rail,2016.0
19,서초 Seocho,127.00760204461744,37.49183760974256,heavy_rail,1983.0
20,도림천 Dorimcheon,126.8823067494302,37.514631976572105,heavy_rail,1992.0
21,신정네거리 Sinjeongnegeori,126.85287622134592,37.52026328959084,heavy_rail,1996.0
22,양천구청 Yangcheon-gu Cheong (Yangcheongu Office),126.86592187629344,37.51228444009733,heavy_rail,1992.0
23,시청 Sicheong (City Hall),126.97555286590818,37.56361445504048,heavy_rail,1984.0
24,을지로입구 Euljiro 1-ga,126.98231524702283,37.56594918782035,heavy_rail,1983.0
25,을지로4가 Euljiro 4-ga,126.99785882175422,37.566615016173174,heavy_rail,1983.0
26,동대문역사문화공원역 Dongdaemun Nyeoksa Munhwa Gongwon (Dongdaemun History & Culture Park),127.00940238898875,37.56552164397111,heavy_rail,1983.0
27,한양대역 Hanyangdae (Hanyang University),127.0436268261335,37.55582509142603,heavy_rail,1983.0
28,뚝섬 Ttukseom,127.04747312540326,37.54719807292342,heavy_rail,1983.0
29,성수 Seongsu,127.05607105387071,37.5445643678305,heavy_rail,1980.0
30,강변 Gangbyeon,127.09458572700429,37.53511734989709,heavy_rail,1980.0
31,잠실나루 Jamsillaru,127.10379213755118,37.520721912624936,heavy_rail,1980.0
32,잠실 Jamsil,127.10008087901826,37.51317666865286,heavy_rail,1980.0
33,종합운동장 Jonghap Undongjang (Sports Complex),127.07369665920707,37.51106606726809,heavy_rail,1980.0
34,역삼 Yeoksam,127.03626555828379,37.500552112910825,heavy_rail,1982.0
35,강남 Gangnam,127.02753705204907,37.497902152959014,heavy_rail,1982.0
36,교대 Gyodae (Seoul National University of Education),127.01428732457038,37.49387836078192,heavy_rail,1982.0
37,방배 Bangbae,126.99760688369878,37.48142086936073,heavy_rail,1983.0
38,사당 Sadang,126.98166155688045,37.47655995523084,heavy_rail,1983.0
39,봉천 Bongcheon,126.94171788870273,37.48241692405851,heavy_rail,1984.0
40,신림 Sillim,126.92965223773876,37.484228926479275,heavy_rail,1984.0
41,신대방 Sindaebang,126.91298876819235,37.48735563945536,heavy_rail,1984.0
42,구로디지털단지 Guro Dijiteol Danji (Guro Digital Complex),126.90159321986357,37.4852552444915,heavy_rail,1984.0
43,대림 Daerim,126.89495970100023,37.49325731781131,heavy_rail,1984.0
44,당산 Dangsan,126.90281633373718,37.53502704399729,heavy_rail,1984.0
45,합정 Hapjeong,126.91438152593321,37.54988957628049,heavy_rail,1984.0
46,용두 Yongdu,127.0381065426717,37.57406045387907,heavy_rail,2005.0
47,건대입구역 Geondaeip-gu (Konkuk University),127.06930423035186,37.54038064571279,heavy_rail,1980.0
48,홍대입구 Hongdae-ipgu (Hongik University),126.92372082083958,37.55682669231332,heavy_rail,1984.0
49,신촌 Sinchon,126.93685430448978,37.55517540087816,heavy_rail,1984.0
50,까치산 Kkachisan,126.84741364326493,37.53056966237939,heavy_rail,1996.0
51,명학 Myeonghak,126.93537804167647,37.384933848741255,heavy_rail,1974.0
52,신이문 Sinimun,127.06731603271919,37.60170782713621,heavy_rail,1980.0
53,석계 Seokgye,127.06574957112821,37.614954048769505,heavy_rail,1985.0
54,남영 Namyeong,126.97133388129747,37.54067609581293,heavy_rail,1974.0
55,노량진 Noryangjin,126.94187327826029,37.51409556083367,heavy_rail,1974.0
56,대방 Daebang,126.92647094534277,37.513353298186956,heavy_rail,1974.0
57,신길 Singil,126.91728766747326,37.517090720980505,heavy_rail,1997.0
58,영등포 Yeongdeungpo,126.9075376699351,37.51577878535254,heavy_rail,1974.0
59,동암 Dongam,126.70287782811903,37.471037747151115,heavy_rail,1974.0
60,광운대 Gwangundae (Kwangwoon University),127.06161439763179,37.62392504338085,heavy_rail,2013.0
61,온수 Onsu,126.82405540200904,37.4924502571279,heavy_rail,1988.0
62,부개 Bugae,126.74059483348748,37.48848909539373,heavy_rail,1996.0
63,간석 Ganseok,126.6935344551838,37.464730438376804,heavy_rail,1994.0
64,부평 Bupyeong,126.72401260533024,37.48949590837489,heavy_rail,1974.0
65,백운 Baegun,126.70746604204231,37.4834425925216,heavy_rail,1984.0
66,Uiwang,126.94801761463873,37.321011186919364,heavy_rail,2004.0
67,주안 Juan,126.68059425244104,37.465010885534355,heavy_rail,1974.0
68,도화 Dohwa,126.66834663877103,37.46611882318447,heavy_rail,2001.0
69,제물포 Jemulpo,126.65697676385781,37.46681339437197,heavy_rail,1974.0
70,가산디지털단지역 Gasan Dijiteol Danji (Gasan Digital Complex),126.88262774570228,37.48154006927838,heavy_rail,2005.0
71,독산 Doksan,126.88951572449577,37.46597649151569,heavy_rail,1998.0
72,석수 Seoksu,126.90245916933856,37.434238186380384,heavy_rail,1982.0
73,의정부 Uijeongbu,127.046037744123,37.73756799555656,heavy_rail,1986.0
74,회룡 Hoeryong,127.04730657250144,37.72401211549432,heavy_rail,1986.0
75,망월사 Mangwolsa,127.04738342962412,37.71033122814231,heavy_rail,1986.0
76,도봉산 Dobongsan,127.04607953466075,37.68960040507564,heavy_rail,1988.0
77,도봉 Dobong,127.04556000585808,37.679200122268824,heavy_rail,1986.0
78,방학 Banghak,127.04430186776108,37.667513393337074,heavy_rail,1986.0
79,녹천 Nokcheon,127.05159067944288,37.64407996390106,heavy_rail,1985.0
80,월계 Wolgye,127.05886954873178,37.63386102010632,heavy_rail,1985.0
81,성균관대 Seonggyungwandae (Sungkyunkwan University),126.97186603584714,37.300211669254566,heavy_rail,1994.0
82,가능 Ganeung,127.04432705493542,37.74847202628838,heavy_rail,2006.0
83,세류 Seryu,127.0135483817059,37.24412537384977,heavy_rail,2003.0
84,병점 Byeongjeom,127.03310937191367,37.20687085890772,heavy_rail,2003.0
85,세마 Sema,127.0433320698753,37.18711670822698,heavy_rail,2005.0
86,오산대 Osandae (Osan University),127.06307478040645,37.169353762688075,heavy_rail,2005.0
87,오산 Osan,127.06674513836373,37.14544153879707,heavy_rail,2005.0
88,진위 Jinwi,127.06240686955806,37.110108573470555,heavy_rail,2006.0
89,송탄 Songtan,127.05435189316427,37.07560321519213,heavy_rail,2005.0
90,서정리 Seojeong-ri,127.05289084890308,37.056603300943735,heavy_rail,2005.0
91,동묘앞 Dongmyo-ap,127.01723505482265,37.573438957993666,heavy_rail,2005.0
92,소요산역 Soyosan,127.06098304450819,37.948274192089144,heavy_rail,2006.0
93,동두천 Dongducheon,127.05477559301968,37.92782628903314,heavy_rail,2006.0
94,성환 Seonghwan,127.12684879945795,36.91626326090115,heavy_rail,2005.0
95,직산 Jiksan,127.14380655941756,36.87096577371604,heavy_rail,2005.0
96,두정 Dujeong,127.14903398832087,36.833029666790026,heavy_rail,2005.0
97,천안 Cheonan,127.14678629652838,36.80899420943342,heavy_rail,2005.0
98,양주 Yangju,127.04476226486841,37.77415380715896,heavy_rail,2007.0
99,서동탄 Seodongtan,127.05207895245582,37.19562151380897,heavy_rail,2010.0
100,봉명 Bongmyeong,127.135814843545,36.80125627873204,heavy_rail,2008.0
101,쌍용 Ssangyong,127.1213676153098,36.793792788527554,heavy_rail,2008.0
102,아산 Asan,127.10348674477018,36.791947176512,heavy_rail,2008.0
103,배방 Baebang,127.0530587668784,36.7776152000203,heavy_rail,2008.0
104,온양온천 Onyangoncheon,127.00330541919975,36.78050044011465,heavy_rail,2008.0
105,신창 Sinchang,126.95179332225854,36.7697759898964,heavy_rail,2008.0
106,종로5가 Jongno 5-ga,127.00194601655943,37.570990441730245,heavy_rail,1974.0
107,종로3가 Jongno 3-ga,126.99220298627972,37.57043284672429,heavy_rail,1974.0
108,시청 Sicheong (City Hall),126.97708546383744,37.56561876164421,heavy_rail,1974.0
109,동두천중앙 Dongducheon Jungang,127.05653651634191,37.9018012652445,heavy_rail,2006.0
110,지행 Jihaeng,127.05578162255495,37.89207727325517,heavy_rail,2006.0
111,덕정 Deokjeong,127.06154648941396,37.84340660667374,heavy_rail,2006.0
112,덕계 Deokgye,127.05671018202685,37.81877987932306,heavy_rail,2007.0
113,녹양 Nogyang,127.04234854328047,37.75932659030359,heavy_rail,2006.0
114,창동 Chang-dong,127.04766733997724,37.65346036790223,heavy_rail,1985.0
115,외대앞 Oedaeap (Hankuk University of Foreign Studies),127.063696948933,37.59616421249011,heavy_rail,1996.0
116,회기 Hoegi,127.05798296457486,37.589792543734546,heavy_rail,1980.0
117,청량리 Cheongnyangni,127.04486935328063,37.58005403325788,heavy_rail,1974.0
118,탕정 Tangjeong,127.08507569543777,36.788468279242686,heavy_rail,2022.0
119,신설동 Sinseol-dong,127.02473696005484,37.576081599602446,heavy_rail,1974.0
120,종각 Jonggak,126.98297400713147,37.570175811183525,heavy_rail,1974.0
121,신도림 Sindorim,126.89161848947236,37.50909893381851,heavy_rail,1984.0
122,구로 Guro,126.88124395804039,37.502612981211485,heavy_rail,1974.0
123,구일 Guil,126.86972116597866,37.49620539534526,heavy_rail,1995.0
124,개봉 Gaebong,126.85872468745072,37.49459774960299,heavy_rail,1974.0
125,오류동 Oryu-dong,126.844565318521,37.49441305540623,heavy_rail,1974.0
126,역곡 Yeokgok,126.81158696338582,37.48514263634222,heavy_rail,1974.0
127,금정 Geumjeong,126.94360153284529,37.37197815853549,heavy_rail,1988.0
128,동대문 Dongdaemun,127.01133357257596,37.571831629040425,heavy_rail,1974.0
129,Hantangang,127.06545366589336,38.006912575429766,heavy_rail,
130,Jeongok,127.07173788737367,38.02459743801887,heavy_rail,2023.0
131,Yeoncheon,127.07382906036781,38.10158890917559,heavy_rail,2023.0
132,Choseong Ri,127.07517324226492,38.00448305104856,heavy_rail,2023.0
133,소사 Sosa,126.79560345963063,37.48277323776044,heavy_rail,1997.0
134,부천 Bucheon,126.7827166013173,37.48403692747647,heavy_rail,1974.0
135,중동 Jung-dong,126.76398767935444,37.48672080861678,heavy_rail,1987.0
136,송내 Songnae,126.7528791434483,37.487666765848374,heavy_rail,1974.0
137,도원 Dowon,126.6424020767131,37.46882708198898,heavy_rail,1994.0
138,동인천 Dongincheon,126.63305239973238,37.475131308344956,heavy_rail,1974.0
139,인천 Incheon,126.6167706515559,37.47593170670498,heavy_rail,1974.0
140,관악 Gwanak,126.90911729611736,37.41876726682365,heavy_rail,1974.0
141,보산 Bosan,127.05725213140181,37.91423593326651,heavy_rail,2006.0
142,안양 Anyang,126.9224396915572,37.4021891920175,heavy_rail,1974.0
143,군포 Gunpo,126.94846465618599,37.35375039540145,heavy_rail,1974.0
144,당정 Dangjeong,126.94835504983831,37.343490179316234,heavy_rail,2010.0
145,화서 Hwaseo,126.98911778201125,37.284850822101674,heavy_rail,1974.0
146,수원 Suwon,127.00003322154402,37.265834082996946,heavy_rail,1974.0
147,평택지제 Pyeongtaek Jije,127.07040441378473,37.01885048144625,heavy_rail,2006.0
148,평택 Pyeongtaek,127.08562743587521,36.990364031675256,heavy_rail,2005.0
149,서울역 Seoulyeok (Seoul Railway Station)),126.97206910492842,37.55413255291263,heavy_rail,1974.0
150,제기동 Jegi-dong,127.03454142323258,37.57837676488217,heavy_rail,1974.0
151,구파발 Gupabal,126.91879660719036,37.636791044382505,heavy_rail,1985.0
152,불광 Bulgwang,126.93008346705324,37.610325348582336,heavy_rail,1985.0
153,녹번 Nokbeon,126.93582010360973,37.60084188010508,heavy_rail,1985.0
154,충무로 Chungmuro,126.99391005427604,37.56146439305039,heavy_rail,1985.0
155,양재 Yangjae,127.03407917110042,37.48451192588088,heavy_rail,1985.0
156,교대 Gyodae (Seoul National University of Education),127.01374468177357,37.493380501370225,heavy_rail,1985.0
157,	남부터미널 Nambu Teomineoll (Nambu Bus Terminal),127.01616363538197,37.48523937745327,heavy_rail,1985.0
158,매봉 Maebong,127.04677802523611,37.48697956985532,heavy_rail,1993.0
159,도곡 Dogok,127.05534984566133,37.49086020477901,heavy_rail,1993.0
160,Jichuk,126.91393538994866,37.648112512816475,heavy_rail,1990.0
161,대화 Daehwa,126.74730008568277,37.676232820338406,heavy_rail,1996.0
162,가락시장 Garak Sijang (Garak Market),127.11754612655176,37.49219314087438,heavy_rail,2010.0
163,지축 Jichuk,126.91394437408997,37.64810378213765,heavy_rail,1996.0
164,주엽 Juyeop,126.7612371753815,37.67012700277587,heavy_rail,1996.0
165,정발산 Jeongbalsan,126.77339473586727,37.65952321968577,heavy_rail,1996.0
166,을지로3가 Euljiro 3-ga,126.99263178748856,37.566373244372585,heavy_rail,1985.0
167,대치 Daechi,127.06319684737377,37.49448791952105,heavy_rail,1993.0
168,학여울 Hangnyeoul,127.06989585628544,37.49650453184042,heavy_rail,1993.0
169,마두 Madu,126.7777758962892,37.65197663879215,heavy_rail,1996.0
170,백석 Baekseok,126.7880015056241,37.64304010420091,heavy_rail,1996.0
171,대곡 Daegok,126.8107856537498,37.63174747535953,heavy_rail,1996.0
172,화정 Hwajeong,126.8326388087666,37.634614842608954,heavy_rail,1996.0
173,원당 Wondang,126.84281410488819,37.653040253374726,heavy_rail,1996.0
174,원흥 Wonheung,126.87258330522315,37.6508036730301,heavy_rail,2014.0
175,삼송 Samsong,126.89548706132342,37.653126489493744,heavy_rail,1996.0
176,연신내 Yeonsinnae,126.92111336342958,37.6192133143939,heavy_rail,1985.0
177,경복궁 Gyeongbokgung,126.97352224554419,37.575767172571275,heavy_rail,1985.0
178,종로3가 Jongno 3-ga,126.99186788057699,37.57159332324771,heavy_rail,1985.0
179,약수 Yaksu,127.01073422319621,37.5546527293923,heavy_rail,1985.0
180,금호 Geumho,127.01579238025147,37.54825823583664,heavy_rail,1985.0
181,옥수 Oksu,127.01737949426553,37.5416359960372,heavy_rail,1985.0
182,압구정 Apgujeong,127.02852602756872,37.52658357646439,heavy_rail,1985.0
183,신사 Sinsa,127.02002304860957,37.516315809277586,heavy_rail,1985.0
184,잠원 Jamwon,127.0114129130165,37.512891042663114,heavy_rail,1985.0
185,고속터미널 Gosok Teomineoll (Express Bus Terminal),127.00507499784294,37.50474439487931,heavy_rail,1985.0
186,대청 Daecheong,127.07947514977414,37.49375390444453,heavy_rail,1993.0
187,경찰병원 Gyeongchal Byeongwon (National Police Hospital),127.12431264376846,37.49579957840882,heavy_rail,2010.0
188,오금 Ogeum,127.12820347718093,37.50203218327137,heavy_rail,2010.0
189,동대입구 Dongdaeip-gu (Dongguk University),127.00552679149438,37.55905368102931,heavy_rail,1985.0
190,일원 Irwon,127.08429866492591,37.48374291306688,heavy_rail,1993.0
191,홍제 Hongje,126.94419926263917,37.58872433096627,heavy_rail,1985.0
192,무악재 Muakjae,126.95037106708803,37.582257567126724,heavy_rail,1985.0
193,독립문 Dongnimmun,126.95823119670303,37.57419456734024,heavy_rail,1985.0
194,안국 Anguk,126.98595890050471,37.576728850080556,heavy_rail,1985.0
195,수서 Suseo,127.10214534460607,37.48751233394899,heavy_rail,1993.0
196,상계 Sanggye,127.07334017134616,37.66066950906952,heavy_rail,1985.0
197,노원 Nowon,127.0633280678504,37.6563297659109,heavy_rail,1985.0
198,충무로 Chungmuro,126.99393057398083,37.561199506072114,heavy_rail,1985.0
199,쌍문 Ssangmun,127.03464263955027,37.6485362961064,heavy_rail,1985.0
200,동대문역사문화공원역 Dongdaemun Nyeoksa Munhwa Gongwon (Dongdaemun History & Culture Park),127.00778449440924,37.565254912340336,heavy_rail,1985.0
201,수유 Suyu,127.02566149574133,37.637942814173805,heavy_rail,1985.0
202,회현 Hoehyeon,126.97836537898053,37.5586607216258,heavy_rail,1985.0
203,사당 Sadang,126.98168134226154,37.47685909276785,heavy_rail,1985.0
204,당고개 Danggogae,127.07911995143957,37.67031828760243,heavy_rail,1993.0
205,삼각지 Samgakji,126.9725955446259,37.534090877322186,heavy_rail,1985.0
206,숙대입구 Sukdae-ipgu (Sookmyung Women's University),126.9719529634321,37.54508372355914,heavy_rail,1985.0
207,대공원 Dae Gongwon (Seoul Grand Park),127.00654192761482,37.4357267369071,heavy_rail,1994.0
208,수리산 Surisan,126.92560877807767,37.3505554785159,heavy_rail,2003.0
209,능길 Neunggil,126.76733020697048,37.33751204055673,heavy_rail,2000.0
210,정왕 Jeongwang,126.74296487104448,37.351805462797046,heavy_rail,2000.0
211,남태령 Namtaeryeong,126.98861880205251,37.464863325764604,heavy_rail,1994.0
212,초지 Choji,126.80597082588173,37.32072284056137,heavy_rail,2012.0
213,Gwacheon Knowledge Information Town,126.9797929560812,37.41339546856817,heavy_rail,2025.0
214,별내별가람 Byeollae Byeolgaram,127.11618298781768,37.66779960340047,heavy_rail,2022.0
215,창동 Chang-dong,127.04775666052825,37.653205972517725,heavy_rail,1985.0
216,경마공원 Gyeongma Gongwon (Seoul Racecourse Park),127.00785555072528,37.44388329355794,heavy_rail,1994.0
217,진접 Jinjeop,127.20322742853041,37.71990659736077,heavy_rail,2022.0
218,동대문 Dongdaemun,127.00926082632407,37.57089716725277,heavy_rail,1985.0
219,금정 Geumjeong,126.94351222064073,37.371962158045406,heavy_rail,1988.0
220,선바위 Seonbawi,127.00220361000177,37.45173282658747,heavy_rail,1994.0
221,과천 Gwacheon,126.99686108870506,37.43307166674264,heavy_rail,1994.0
222,오남 Onam,127.1909072743293,37.70512283739275,heavy_rail,2022.0
223,풍양 Pungyang,127.17212625489871,37.697413938410186,heavy_rail,2025.0
224,미아 Mia,127.02602358123042,37.62670688915721,heavy_rail,1985.0
225,미아사거리 Miasageori,127.03007617848965,37.61345691532425,heavy_rail,2013.0
226,길음 Gireum,127.02484393411186,37.603122413326965,heavy_rail,1985.0
227,혜화 Hyehwa,127.00195779917924,37.58211448082001,heavy_rail,1985.0
228,명동 Myeong-dong,126.98626899775405,37.5608937977148,heavy_rail,1985.0
229,신용산 Sinyongsan,126.96801666454172,37.529299027566026,heavy_rail,1985.0
230,이촌 Ichon,126.97459796317509,37.52234077959859,heavy_rail,1985.0
231,동작 Dongjak,126.98034923027859,37.502998296481664,heavy_rail,1985.0
232,정부과천청사 Jeongbu Gwacheon Cheongsa (Government Complex Gwacheon),126.98974861367681,37.42647010710392,heavy_rail,1994.0
233,한성대입구 Hanseongdae-ipgu (Hansung University),127.00614166203292,37.588500226124,heavy_rail,1985.0
234,성신여대입구 Seongsinyeodae-ipgu (Sungshin Women's University),127.01654009084352,37.592697445109756,heavy_rail,1985.0
235,총신대입구[이수] Chongsindae-ipgu [Isu] (Chongshin Univ.[Isu]),126.98217998015087,37.487081965124375,heavy_rail,1985.0
236,서울역 Seoulyeok (Seoul Railway Station)),126.97228941701373,37.551658852759275,heavy_rail,1985.0
237,상일동 Sangil-dong,127.16641312035267,37.55672473800415,heavy_rail,1995.0
238,을지로4가 Euljiro 4-ga,126.99807197643877,37.56726148036582,heavy_rail,1996.0
239,종로3가 Jongno 3-ga,126.9903778895195,37.57256189754544,heavy_rail,1996.0
240,강동 Gang-dong,127.13255895690764,37.535806040418734,heavy_rail,1995.0
241,신길 Singil,126.91617371107594,37.51763574542449,heavy_rail,1996.0
242,동대문역사문화공원역 Dongdaemun Nyeoksa Munhwa Gongwon (Dongdaemun History & Culture Park),127.00548135812566,37.564690229832,heavy_rail,1996.0
243,송정 Songjeong,126.81186950186014,37.561262242053175,heavy_rail,1996.0
244,마곡 Magok,126.8245343945863,37.560294741993474,heavy_rail,2008.0
245,마포 Mapo,126.94596220369277,37.539622323832944,heavy_rail,1996.0
246,공덕 Gongdeok,126.95146524713806,37.544543633989434,heavy_rail,1996.0
247,애오개 Aeogae,126.9567011056788,37.553367553289505,heavy_rail,1996.0
248,충정로 Chungjeongno,126.96304049331934,37.56043871732119,heavy_rail,1996.0
249,서대문 Seodaemun,126.96669192341545,37.565842359338276,heavy_rail,1996.0
250,광화문 Gwanghwamun,126.97692441783073,37.5716027516565,heavy_rail,1996.0
251,청구 Cheonggu,127.01379961311818,37.56024378270787,heavy_rail,1996.0
252,행당 Haengdang,127.02999859235865,37.55759393684309,heavy_rail,1996.0
253,마장 Majang,127.04279388395798,37.56603423052479,heavy_rail,1995.0
254,천호 Cheonho,127.12341929538137,37.538595256571114,heavy_rail,1995.0
255,영등포구청 Yeongdeungpo-gu Cheong (Yeongdeungpogu Office),126.89517071038318,37.524225030635534,heavy_rail,1996.0
256,오금 Ogeum,127.12807477237368,37.50204588029115,heavy_rail,1996.0
257,방화 Banghwa,126.81274000414146,37.577388540697484,heavy_rail,1996.0
258,둔촌동 Dunchon-dong,127.1362612042098,37.52783832506188,heavy_rail,1996.0
259,방이 Bangi,127.12603843879236,37.50862932710595,heavy_rail,1996.0
260,개롱 Gaerong,127.13483564900957,37.49807370398112,heavy_rail,1996.0
261,올림픽공원 Ollimpik Gongwon (Olympic Park),127.1309884162531,37.51619329538859,heavy_rail,1996.0
262,강일 Gangil,127.17615187170925,37.557547765708215,heavy_rail,2021.0
263,하남검단산 Hanam Geomdansan,127.22364163444381,37.53969099559474,heavy_rail,2021.0
264,하남시청 Hanam Sicheong (Hanam City Hall),127.2070421415558,37.54163278775762,heavy_rail,2021.0
265,마천 Macheon,127.15271915975511,37.49494324725899,heavy_rail,1996.0
266,왕십리 Wangsimni,127.0369791907326,37.561890537166015,heavy_rail,1995.0
267,개화산 Gaehwasan,126.80830740500829,37.57287265818343,heavy_rail,1996.0
268,김포공항 Gimpo Gonghang (Gimpo International Airport),126.80133303508822,37.5621097618087,heavy_rail,1996.0
269,발산 Balsan,126.8374383958411,37.558669767814706,heavy_rail,1996.0
270,우장산 Ujangsan,126.83631959996592,37.54894814158851,heavy_rail,1996.0
271,화곡 Hwagok,126.84043054709429,37.5416492946251,heavy_rail,1996.0
272,신정 Sinjeong,126.85590299495698,37.5250422248034,heavy_rail,1996.0
273,목동 Mok-dong,126.86441133113885,37.526127081429465,heavy_rail,1996.0
274,오목교 Omokgyo,126.87503429039594,37.524563567824615,heavy_rail,1996.0
275,양평 Yangpyeong,126.88623501537455,37.525620393017036,heavy_rail,1996.0
276,	영등포시장 Yeongdeungpo Sijang (Yeongdeungpo Market),126.90511255599858,37.522698594122545,heavy_rail,1996.0
277,여의도 Yeouido,126.92420344142874,37.521651300956705,heavy_rail,1996.0
278,여의나루 Yeouinaru,126.93249074894794,37.52683223329012,heavy_rail,1996.0
279,답십리 Dapsimni,127.0527035044775,37.566809615119666,heavy_rail,1995.0
280,장한평 Janghanpyeong,127.064626709391,37.561475997857514,heavy_rail,1995.0
281,군자 Gunja,127.0795084734375,37.557163340879924,heavy_rail,1995.0
282,아차산 Achasan,127.08978425467478,37.551715135477735,heavy_rail,1995.0
283,광나루 Gwangnaru,127.10348919125056,37.54530880773473,heavy_rail,1995.0
284,굽은다리 Gubeundari,127.1429419532879,37.545599996402316,heavy_rail,1995.0
285,명일 Myeongil,127.14408432692858,37.551900426561446,heavy_rail,1995.0
286,고덕 Godeok,127.15379542715738,37.554993628908534,heavy_rail,1995.0
287,미사 Misa,127.19279636975334,37.56304795805219,heavy_rail,2020.0
288,하남풍산 Hanam Pungsan,127.20430607460102,37.552800593575455,heavy_rail,2020.0
289,거여 Geoyeo,127.14375935463363,37.493339458327526,heavy_rail,1996.0
290,길동 Gil-dong,127.14020155330302,37.53837144938256,heavy_rail,1995.0
291,까치산 Kkachisan,126.84741364326493,37.53056966237939,heavy_rail,1996.0
292,신금호 Singeumho,127.02019308546792,37.55444110210631,heavy_rail,1996.0
293,석계 Seokgye,127.06689319483002,37.61511259219405,heavy_rail,2000.0
294,약수 Yaksu,127.01030234388196,37.55421035136102,heavy_rail,2001.0
295,삼각지 Samgakji,126.97392252068414,37.535609176690215,heavy_rail,2000.0
296,공덕 Gongdeok,126.95153483025004,37.54366157655349,heavy_rail,2000.0
297,청구 Cheonggu,127.01384044820031,37.56031017186346,heavy_rail,2000.0
298,효창공원앞 Hyochang Gongwon (Hyochang Park),126.96137839362666,37.53932302464645,heavy_rail,2000.0
299,녹사평 Noksapyeong,126.98651184217408,37.53475206837027,heavy_rail,2000.0
300,이태원 Itaewon,126.99437949345418,37.53450190201515,heavy_rail,2001.0
301,동묘앞 Dongmyo-ap,127.01566192515912,37.57262296757551,heavy_rail,2000.0
302,창신 Changsin,127.0152490188305,37.57978271289264,heavy_rail,2000.0
303,보문 Bomun,127.01932394993435,37.58528246188058,heavy_rail,2000.0
304,마포구청 Mapo-gu Cheong (Mapo-gu Office),126.90339461569135,37.563523431191314,heavy_rail,2000.0
305,상수 Sangsu,126.9229229490245,37.547759557584385,heavy_rail,2000.0
306,합정 Hapjeong,126.91347617753223,37.549213174893865,heavy_rail,2000.0
307,연신내 Yeonsinnae,126.92053224518548,37.618626271568644,heavy_rail,2000.0
308,불광 Bulgwang,126.92922127415619,37.6107371179628,heavy_rail,2000.0
309,응암 Eungam,126.9155373241806,37.59842824251915,heavy_rail,2000.0
310,역촌 Yeokchon,126.92279814481878,37.60605545121955,heavy_rail,2000.0
311,독바위 Dokbawi,126.93304757622172,37.61843481373862,heavy_rail,2000.0
312,구산 Gusan,126.91716473370155,37.61113233403543,heavy_rail,2000.0
313,새절 Saejeol,126.9139908967079,37.592624453820875,heavy_rail,2000.0
314,신내 Sinnae,127.10276046998882,37.613003929170574,heavy_rail,2019.0
315,신당 Sindang,127.01619507250041,37.56640435267286,heavy_rail,2000.0
316,증산 Jeungsan,126.9098761259516,37.584113338877884,heavy_rail,2000.0
317,디지털미디어시티 Dijiteol Midieo Siti (Digital Media City),126.90145728135286,37.576203387453475,heavy_rail,2000.0
318,망원 Mangwon,126.91015061309366,37.55599257472004,heavy_rail,2000.0
319,광흥창 Gwangheungchang,126.93199461980953,37.5474686928748,heavy_rail,2000.0
320,대흥 Daeheung,126.94233798834517,37.54770906962255,heavy_rail,2000.0
321,한강진 Hangangjin,127.00173762717708,37.53982315476205,heavy_rail,2001.0
322,안암 Anam,127.02933305213935,37.586299495698,heavy_rail,2000.0
323,고려대 Goryeodae (Korea University),127.03623852832254,37.590293453543524,heavy_rail,2000.0
324,월곡 Wolgok,127.04146915210532,37.601935970444174,heavy_rail,2000.0
325,상월곡 Sangwolgok,127.04823870783486,37.60621619459667,heavy_rail,2000.0
326,돌곶이 Dolgoji,127.05658652649663,37.61060543175236,heavy_rail,2000.0
327,태릉입구 Taereung-ipgu,127.07454401465483,37.617254003313285,heavy_rail,2000.0
328,화랑대 Hwarangdae,127.08352267645806,37.61975493763811,heavy_rail,2000.0
329,봉화산 Bonghwasan,127.090878365045,37.61751545903409,heavy_rail,2000.0
330,월드컵경기장 Woldeu Keop Gyeonggijang (World Cup Stadium),126.89931162559418,37.57015500580532,heavy_rail,2000.0
331,버티고개 Beotigogae,127.00654724828446,37.54821538700257,heavy_rail,2001.0
332,Ganseogogeori,126.70789481059694,37.46730042222346,heavy_rail,1999.0
333,Arts Center,126.7009873658991,37.4492801929032,heavy_rail,1999.0
334,Incheon Bus Terminal,126.69970418657641,37.44193272710564,heavy_rail,1999.0
335,Incheon City Hall,126.70215632801923,37.457235871892806,heavy_rail,1999.0
336,Munhak Sports Complex,126.69789104449944,37.43486130255859,heavy_rail,1999.0
337,Seonhak,126.69895059398482,37.42708200284176,heavy_rail,1999.0
338,Sinyeonsu,126.6939709387675,37.41802488925407,heavy_rail,1999.0
339,Woninjae,126.6880184549774,37.41242713910496,heavy_rail,1999.0
340,Dongchun,126.68082488173252,37.4047718943027,heavy_rail,1999.0
341,Dongmak,126.6735305919994,37.39803068552601,heavy_rail,1999.0
342,Gyulhyeon,126.74265191109296,37.566369804611114,heavy_rail,1999.0
343,계양 Gyeyang,126.73630294127705,37.57150882582928,heavy_rail,2007.0
344,Campus Town,126.66203239687309,37.388229436985654,heavy_rail,2009.0
345,Technopark,126.6562722356249,37.38232186307654,heavy_rail,2009.0
346,BIT Zone,126.64571710240944,37.37771975201572,heavy_rail,2009.0
347,Incheon National University,126.63940928384932,37.38619690274011,heavy_rail,2009.0
348,Central Park,126.63488400874581,37.392907079157226,heavy_rail,2009.0
349,Imhak,126.73875024882483,37.54513934298956,heavy_rail,1999.0
350,Gyesan,126.7278966229465,37.54331072107222,heavy_rail,1999.0
351,Gyeongin National University of Education,126.72262587769222,37.53842717669011,heavy_rail,1999.0
352,Jakjeon,126.72255349466701,37.53024554408472,heavy_rail,1999.0
353,Galsan,126.72152797177853,37.516711052273976,heavy_rail,1999.0
354,Bupyeong Market,126.72230995029719,37.49837466341235,heavy_rail,1999.0
355,Dongsu,126.71841752838344,37.485401255166806,heavy_rail,1999.0
356,Bupyeongsamgeori,126.71030972717244,37.477863267608754,heavy_rail,1999.0
357,Bakchon,126.74507481386918,37.5536375409979,heavy_rail,1999.0
358,부평 Bupyeong,126.72374866596557,37.48993172514943,heavy_rail,1999.0
359,부평구청 Bupyeong-gu Cheong (Bupyeong-gu Office),126.72061402027754,37.50828595181683,heavy_rail,1999.0
360,Songdo Landmark City,126.62597902744993,37.407182281101285,heavy_rail,2020.0
361,International Business District,126.63070663706922,37.39938613483841,heavy_rail,2009.0
362,길동생태공원 gildong Saengtae Gongwon (Gildong Ecological Park),127.1523777800637,37.53814762262814,heavy_rail,2027.0
363,신명일 Sinmyeongil,127.15610546512008,37.54857499331551,heavy_rail,2027.0
364,당산 Dangsan,126.9028209115803,37.53345531073478,heavy_rail,2009.0
365,개화 Gaehwa,126.79762840530168,37.578553292136775,heavy_rail,2009.0
366,공항시장 Gonghang Sijang (Airport Market),126.81044020956529,37.5635396229341,heavy_rail,2009.0
367,신방화 Sinbanghwa,126.8167073333704,37.567523690967235,heavy_rail,2009.0
368,마곡나루 Magongnaru,126.82789050046068,37.5666747650249,heavy_rail,2014.0
369,양천향교 Yangcheon Hyanggyo,126.84131671363934,37.56840870749622,heavy_rail,2009.0
370,가양 Gayang,126.85505109955795,37.56111948079439,heavy_rail,2009.0
371,증미 Jeungmi,126.8624634415246,37.557146769294036,heavy_rail,2009.0
372,등촌 Deungchon,126.86457631230564,37.5511924837854,heavy_rail,2009.0
373,노량진 Noryangjin,126.94190775087793,37.513632383606236,heavy_rail,2009.0
374,국회의사당 Gukhoeuisadang (National Assembly),126.91704164789473,37.52899291946909,heavy_rail,2009.0
375,신논현 Sinnonhyeon,127.02447382850968,37.50444960388307,heavy_rail,2009.0
376,고속터미널 Gosok Teomineoll (Express Bus Terminal),127.0057331850067,37.50639789459366,heavy_rail,2009.0
377,종합운동장 Jonghap Undongjang (Sports Complex),127.07627576290912,37.51137107650082,heavy_rail,2015.0
378,올림픽공원 Ollimpik Gongwon (Olympic Park),127.1302903426947,37.51610148322362,heavy_rail,2018.0
379,석촌 Seokchon,127.10685895151954,37.505068057707476,heavy_rail,2018.0
380,언주 Eonju,127.03387089668752,37.507318638912025,heavy_rail,2015.0
381,선정릉 Seonjeongneung,127.04382549966749,37.51025148624234,heavy_rail,2015.0
382,삼성중앙 Samseong Jungang,127.05341558125485,37.51309179082094,heavy_rail,2015.0
383,고덕 Godeok,127.15648977812556,37.55475939512066,heavy_rail,2027.0
384,샘터공원 saemteo Gongwon (Saemteo Park),127.16235840588222,37.562838505395604,heavy_rail,2027.0
385,동작 Dongjak,126.97822759103974,37.5029458362036,heavy_rail,2009.0
386,김포공항 Gimpo Gonghang (Gimpo International Airport),126.80173547467652,37.561957705228146,heavy_rail,2009.0
387,여의도 Yeouido,126.924802466301,37.5210585824739,heavy_rail,2009.0
388,염창 Yeomchang,126.8753289738222,37.547004115504606,heavy_rail,2009.0
389,신목동 Sinmok-dong,126.88316009228305,37.544219399618285,heavy_rail,2009.0
390,선유도 Seonyudo,126.89396716962739,37.53788899752881,heavy_rail,2009.0
391,여의도 Saetgang,126.92841292671955,37.517136338214286,heavy_rail,2009.0
392,노들 Nodeul,126.953613316597,37.51297619322412,heavy_rail,2009.0
393,흑석 Heukseok,126.96396919174633,37.5083656089363,heavy_rail,2009.0
394,구반포 Gubanpo,126.9869148119846,37.50132071719939,heavy_rail,2009.0
395,신반포 Sinbanpo,126.99643558519308,37.503606898257324,heavy_rail,2009.0
396,사평 Sapyeong,127.01510385795656,37.50431125429679,heavy_rail,2009.0
397,봉은사 Bongeunsa,127.06018486372517,37.51417913252941,heavy_rail,2015.0
398,삼전 Samjeon,127.08792848496518,37.50432581209229,heavy_rail,2018.0
399,석촌고분 Seokchon Gobun,127.0965882450297,37.502436750417246,heavy_rail,2018.0
400,송파나루 Songpanaru,127.11284085099095,37.51130941319333,heavy_rail,2018.0
401,한성백제 Hanseong Baekje,127.11627100775303,37.51672919950134,heavy_rail,2018.0
402,둔촌오륜 Dunchon Oryun,127.13835547406478,37.51986432814442,heavy_rail,2018.0
403,중앙보훈병원 Jungang Bohun Byeongwon (VHS Medical Center),127.1482644601657,37.5282878434742,heavy_rail,2018.0
404,가현 Gahyeon,126.66926970411835,37.524361868056396,heavy_rail,2027.0
405,노원 Nowon,127.06053625174286,37.65446838109689,heavy_rail,1996.0
406,장암 Jangam,127.05308473688525,37.70015716785796,heavy_rail,1996.0
407,건대입구역 Geondae-ipgu (Konkuk University),127.070891469005,37.54049274565712,heavy_rail,1996.0
408,먹골 Meokgol,127.07760685167216,37.61143700106214,heavy_rail,1996.0
409,광명사거리 Gwangmyeong Sageori,126.8544257004857,37.479425951915516,heavy_rail,2000.0
410,대림 Daerim,126.8962699660371,37.492504822553556,heavy_rail,2000.0
411,청담 Cheongdam,127.05036323526713,37.518831814263564,heavy_rail,2000.0
412,강남구청 Gangnam-gu Cheong (Gangnam-gu Office),127.04131205042648,37.517180303558234,heavy_rail,2000.0
413,학동 Hak-dong,127.03074520414793,37.513955791282655,heavy_rail,2000.0
414,논현 Nonhyeon,127.02151661371511,37.51112327603258,heavy_rail,2000.0
415,반포 Banpo,127.01163277480555,37.50816971251584,heavy_rail,2000.0
416,내방 Naebang,126.99365466559397,37.48769001125055,heavy_rail,2000.0
417,삼산체육관 Samsan Cheyukgwan (Samsan Gymnasium),126.7423058872455,37.506495350788484,heavy_rail,2012.0
418,굴포천 Gulpocheon,126.73131952260468,37.507018669732545,heavy_rail,2012.0
419,총신대입구[이수] Chongsindae-ipgu [Isu] (Chongshin Univ.[Isu]),126.9819680873286,37.4853230925649,heavy_rail,2000.0
420,뚝섬유원지 	Ttukseom Yuwonji (Ttukseom Park),127.06659028676017,37.53125187019367,heavy_rail,2000.0
421,가산디지털단지역 Gasan Dijiteol Danji (Gasan Digital Complex),126.88277617219791,37.48042517776268,heavy_rail,2005.0
422,부평구청 Bupyeong-gu Cheong (Bupyeong-gu Office),126.720677791783,37.50750195224481,heavy_rail,2012.0
423,산곡 Sangok,126.70354725321623,37.50858954709246,heavy_rail,2021.0
424,춘의 Chunui,126.78718249984382,37.503727353636904,heavy_rail,2012.0
425,Tapseok,127.08259121087626,37.8033946721267,heavy_rail,2025.0
426,도봉산 Dobongsan,127.0464534114782,37.68947738079219,heavy_rail,1996.0
427,청라국제업무단지 Cheongla Gugje Eobmudanji (Cheongna Int'l Business Complex),126.62379749288831,37.5331451037599,heavy_rail,2027.0
428,청라시티타워 Cheongla Siti Tawo (Cheongna CT Tower),126.63407667875309,37.533606347642674,heavy_rail,2027.0
429,심곡천 Simgokcheon,126.66324610770678,37.53313587816466,heavy_rail,2027.0
430,커낼웨이 Keonael-wei (Canal Way),126.64968363587434,37.53310592845516,heavy_rail,2027.0
431,온수 Onsu,126.82310787651086,37.49215439680512,heavy_rail,2000.0
432,Tapseok,127.08880572272808,37.7334804156983,heavy_rail,2025.0
433,군자 Gunja,127.07953950706576,37.557223638703135,heavy_rail,1996.0
434,수락산 Suraksan,127.05534764626861,37.67826470343471,heavy_rail,1996.0
435,마들 Madeul,127.05789180588124,37.66449774247299,heavy_rail,1996.0
436,중계 Junggye,127.06387735532462,37.64552228615072,heavy_rail,1996.0
437,하계 Hagye,127.0682285824139,37.635975543638,heavy_rail,1996.0
438,공릉 Gongneung,127.07300663989889,37.62560946257126,heavy_rail,1996.0
439,중화 Junghwa,127.07946979556402,37.60162964953339,heavy_rail,1996.0
440,상봉 Sangbong,127.08570094590914,37.59565883897402,heavy_rail,1996.0
441,면목 Myeonmok,127.08756639649948,37.588381605046166,heavy_rail,1996.0
442,사가정 Sagajeong,127.08846611253944,37.58067178304178,heavy_rail,1996.0
443,용마산 Yongmasan,127.08697342115903,37.57395270934602,heavy_rail,1996.0
444,중곡 Junggok,127.08450811240317,37.56628766200531,heavy_rail,1996.0
445,	어린이대공원 Eorinidae Gongwon (Children's Grand Park),127.07440090976615,37.54761860369872,heavy_rail,1996.0
446,남성 Namseong,126.97187417600736,37.48436180731912,heavy_rail,2000.0
447,상도 Sangdo,126.9476749087496,37.50319980450806,heavy_rail,2000.0
448,장승배기 Jangseungbaegi,126.93921307715124,37.50498132715359,heavy_rail,2000.0
449,신대방삼거리 Sindaebang Samgeori,126.92821344202173,37.49970215086091,heavy_rail,2000.0
450,보라매 Boramae,126.92036106708451,37.49992546537666,heavy_rail,2000.0
451,신풍 Sinpung,126.90894334112343,37.50012530137412,heavy_rail,2000.0
452,남구로 Namguro,126.88669660198343,37.48539992326499,heavy_rail,2000.0
453,철산 Cheolsan,126.86759741875346,37.47599726285466,heavy_rail,2000.0
454,천왕 Cheonwang,126.83893518539202,37.48633828932925,heavy_rail,2000.0
455,까치울 Kkachiul,126.81137632908485,37.50623771723346,heavy_rail,2012.0
456,종합운동장 Bucheon Jonghap Undongjang (Bucheon Stadium),126.79725762935328,37.50544886460506,heavy_rail,2012.0
457,신중동 Sinjung-dong,126.77621704959108,37.50304201844439,heavy_rail,2012.0
458,부천시청 Bucheon Sicheong (Bucheon City Hall),126.763178939039,37.50476392572307,heavy_rail,2012.0
459,상동 Sang-dong,126.75316839167044,37.505828201425416,heavy_rail,2012.0
460,석남 Seongnam,126.6742007517236,37.506311645236714,heavy_rail,2021.0
461,청라국제도시 Cheongla Gugje Dosi (Cheongna International City),126.6248952438227,37.55583064227614,heavy_rail,2027.0
462,태릉입구 Taereung-ipgu,127.07532867602526,37.61858524101601,heavy_rail,1996.0
463,숭실대입구[살피재] Sungsildae-ipgu[Salpijae] (Soongsil University [Salpijae]),126.95412615222057,37.495639005746085,heavy_rail,2000.0
464,고속터미널 Gosok Teomineoll (Express Bus Terminal),127.00515858285127,37.50375892052789,heavy_rail,2000.0
465,강동구청 Gangdong-gu Cheong (Gangdong-gu Office),127.12062583227993,37.53068568003093,heavy_rail,1999.0
466,남한산성입구 Namhansanseong,127.15983123389748,37.45158594040447,heavy_rail,1996.0
467,천호 Cheonho,127.12323102077102,37.53807395576993,heavy_rail,1999.0
468,암사 Amsa,127.12753245213486,37.55010560115352,heavy_rail,1999.0
469,몽촌토성 Mongchontoseong,127.11266890229524,37.517526695137946,heavy_rail,1999.0
470,Guri,127.14076778382088,37.60262437749705,heavy_rail,2023.0
471,Guri Agricultural & Marine Product Wholesale Market,127.13808169203145,37.61115829184851,heavy_rail,2023.0
472,Seonsa,127.13739614185107,37.557018650578456,heavy_rail,2023.0
473,Topyeong,127.13793,37.58748142310188,heavy_rail,2023.0
474,Dasan,127.14938842521869,37.623992335888786,heavy_rail,2023.0
475,Byeollae,127.12782349865655,37.642010719756314,heavy_rail,2023.0
476,잠실 Jamsil,127.10268225555313,37.51400179267998,heavy_rail,1996.0
477,송파 Songpa,127.11226771309066,37.499636781029494,heavy_rail,1996.0
478,가락시장 Garak Sijang (Garak Market),127.11816421827729,37.49320014452388,heavy_rail,1996.0
479,문정 Munjeong,127.12250297333725,37.485863044333485,heavy_rail,1996.0
480,장지 Jangji,127.12605777533867,37.478906199224284,heavy_rail,1996.0
481,복정 Bokjeong,127.12672037765282,37.47111408222865,heavy_rail,1996.0
482,산성 Sanseong,127.14990021846393,37.456870399311924,heavy_rail,1996.0
483,단대오거리 Dandaeogeori (Shingu College),127.15677955310997,37.44508493387198,heavy_rail,1996.0
484,신흥 Sinheung,127.1476452194645,37.44099965305618,heavy_rail,1996.0
485,수진 Sujin,127.1406779340067,37.43744145557247,heavy_rail,1996.0
486,모란 Moran,127.13032106834879,37.434014321665785,heavy_rail,1996.0
487,석촌 Seokchon,127.10710618290904,37.50532328912979,heavy_rail,1996.0
488,서울역 Seoulyeok (Seoul Railway Station)),126.9696661927859,37.55316997858891,commuter_rail,2010.0
489,김포공항 Gimpo Gonghang (Gimpo International Airport),126.8015698970425,37.561756679963224,commuter_rail,2007.0
490,공덕 Gongdeok,126.95225467292892,37.54239615058195,commuter_rail,2011.0
491,디지털미디어시티 Dijiteol Midieo Siti (Digital Media City),126.89806131821189,37.577414561684876,commuter_rail,2010.0
492,청라국제도시 Cheongla Gugje Dosi (Cheongna International City),126.62475117269639,37.5564542405062,commuter_rail,2014.0
493,홍대입구 Hongdae-ipgu (Hongik University),126.92644806259631,37.55762621495586,commuter_rail,2010.0
494,마곡나루 Magongnaru,126.82762752647909,37.56568517696918,commuter_rail,2018.0
495,계양 Gyeyang,126.73636741034517,37.57177296641457,commuter_rail,2007.0
496,검암 Geomam,126.673691981079,37.56917766316627,commuter_rail,2007.0
497,인천공항 2터미널 Incheon Gonghang 2 Teomineol (Incheon International Airport Terminal 2),126.43345457574947,37.4688892917104,commuter_rail,2018.0
498,영종 Yeongjong,126.52489381870504,37.512004673032905,commuter_rail,2016.0
499,운서 Unseo,126.4937839949074,37.492815263271524,commuter_rail,2007.0
500,공항화물청사 Gonghang Hwamulcheongsa (Incheon International Airport Cargo Terminal),126.47767369391539,37.45888813412169,commuter_rail,2007.0
501,인천공항 1터미널 incheon Gonghang 1 Teomineol (Incheon International Airport Terminal 1),126.45279345637437,37.447163784692904,commuter_rail,2007.0
502,Sosaeul,126.79722392061433,37.46864871589834,commuter_rail,2018.0
503,Siheung Daeya,126.79299255016406,37.45008757915349,commuter_rail,2018.0
504,Sincheon,126.78680620751084,37.43930502997185,commuter_rail,2018.0
505,Sinhyeon,126.78784699441098,37.409665610221126,commuter_rail,2018.0
506,Siheung City Hall,126.80591956263584,37.382036687095734,commuter_rail,2018.0
507,Siheung Neunggok,126.80878063679711,37.370206716136735,commuter_rail,2018.0
508,Dalmi,126.80908978513895,37.34894041193661,commuter_rail,2018.0
509,Seonbu,126.80988504561532,37.334316861644055,commuter_rail,2018.0
510,초지 Choji,126.80795041295903,37.319811346574184,commuter_rail,2018.0
511,Wongok,126.7956974977152,37.313122486641404,commuter_rail,2018.0
512,Wonsi,126.78677814528777,37.30252876067081,commuter_rail,2018.0
513,Gimpo International Airport,126.80428867223374,37.561166866319354,commuter_rail,2023.0
514,Wonjong,126.8048366586915,37.524037416971524,commuter_rail,2023.0
515,종합운동장 Bucheon Jonghap Undongjang (Bucheon Stadium),126.79744916883357,37.50565473570474,commuter_rail,2023.0
516,소사 Sosa,126.79506729981915,37.48272765059353,commuter_rail,2018.0
517,대화 Daehwa,126.74730008568277,37.676232820338406,commuter_rail,1996.0
518,지축 Jichuk,126.91394437408997,37.64810378213765,commuter_rail,1996.0
519,주엽 Juyeop,126.7612371753815,37.67012700277587,commuter_rail,1996.0
520,정발산 Jeongbalsan,126.77339473586727,37.65952321968577,commuter_rail,1996.0
521,마두 Madu,126.7777758962892,37.65197663879215,commuter_rail,1996.0
522,백석 Baekseok,126.7880015056241,37.64304010420091,commuter_rail,1996.0
523,대곡 Daegok,126.8107856537498,37.63174747535953,commuter_rail,1996.0
524,화정 Hwajeong,126.8326388087666,37.634614842608954,commuter_rail,1996.0
525,원당 Wondang,126.84281410488819,37.653040253374726,commuter_rail,1996.0
526,원흥 Wonheung,126.87258330522315,37.6508036730301,commuter_rail,2014.0
527,삼송 Samsong,126.89548706132342,37.653126489493744,commuter_rail,1996.0
528,Hoegi,126.97771421178346,37.52750491059703,commuter_rail,
529,Byeollae,127.12717231520128,37.64214578705669,commuter_rail,2013.0
530,Mangu,127.09153596088356,37.59989560826907,commuter_rail,2011.0
531,Galmae,127.11476225928482,37.634034953465104,commuter_rail,2011.0
532,Toegyewon,127.14377833516829,37.64833140677996,commuter_rail,2011.0
533,Sareung,127.17703946133085,37.65101785230976,commuter_rail,2011.0
534,신내 Sinnae,127.10331797779827,37.61263693687354,commuter_rail,2014.0
535,Gapyeong,127.51117548959218,37.81475608494375,commuter_rail,2011.0
536,Gulbongsan,127.55718487081454,37.83193722904348,commuter_rail,2011.0
537,Baegyang-ri,127.58894298298748,37.83083605079547,commuter_rail,2011.0
538,Gangchon,127.63404619789327,37.8056942868504,commuter_rail,2011.0
539,Gimyujeong,127.71410074855288,37.81845622728568,commuter_rail,2011.0
540,Namchuncheon,127.72383356845812,37.86406790082704,commuter_rail,2011.0
541,Chuncheon,127.71650774028386,37.88428911378805,commuter_rail,2011.0
542,광운대 Gwangundae (Kwangwoon University),127.06178727227285,37.62397730913915,commuter_rail,2016.0
543,Jungnang,126.97895420005538,37.52671770660729,commuter_rail,
544,상봉 Sangbong,127.08582261966457,37.59716774205881,commuter_rail,2011.0
545,청량리 Cheongnyangni,127.04854504861679,37.58044137830131,commuter_rail,
546,Geumgok,127.20748343364164,37.637292466302014,commuter_rail,2011.0
547,Pyeongnae–Hopyeong,127.2444775635135,37.65320804138261,commuter_rail,2011.0
548,Cheonmasan,127.2854312705642,37.65896705930213,commuter_rail,2014.0
549,Maseok,127.3117799246144,37.6527750564682,commuter_rail,2011.0
550,Daeseong-ri,127.37967456658089,37.68420983585763,commuter_rail,2011.0
551,Cheongpyeong,127.42687036728789,37.73566153358969,commuter_rail,2011.0
552,Sangcheon,127.45490018319691,37.77040600973777,commuter_rail,2011.0
553,Wolgot,126.74276455543196,37.391828778528534,commuter_rail,2012.0
554,Soraepogu,126.73353335320144,37.40100914757113,commuter_rail,2012.0
555,Incheon Nonhyeon,126.72255075919674,37.40068958181257,commuter_rail,2012.0
556,Hogupo,126.70856701661864,37.40172082737561,commuter_rail,2012.0
557,Namdong Induspark,126.69516297583368,37.40779525711362,commuter_rail,2012.0
558,Woninjae,126.68643695639344,37.413234378312225,commuter_rail,2012.0
559,Yeonsu,126.67863517018048,37.417982350929094,commuter_rail,2012.0
560,Songdo,126.65470372901888,37.42993901084806,commuter_rail,2012.0
561,Inha University,126.649735223003,37.448344712396676,commuter_rail,2016.0
562,Sungui,126.63785247391075,37.460945982774234,commuter_rail,2016.0
563,Sinpo,126.62444163052186,37.468504035097624,commuter_rail,2016.0
564,Incheon,126.6173644970952,37.47647511904805,commuter_rail,2016.0
565,Hagik,126.64872904329496,37.43915814480634,commuter_rail,2021.0
566,능길 Neunggil,126.76733020697048,37.33751204055673,commuter_rail,2000.0
567,정왕 Jeongwang,126.74296487104448,37.351805462797046,commuter_rail,2000.0
568,초지 Choji,126.80597082588173,37.32072284056137,commuter_rail,2012.0
569,Gosaek,126.98040397564647,37.24969475095606,commuter_rail,2020.0
570,Omokcheon,126.96385058183286,37.243370402372065,commuter_rail,2020.0
571,Eocheon,126.90893681260007,37.25011559734345,commuter_rail,2020.0
572,Yamok,126.88404992878763,37.26121467086002,commuter_rail,2020.0
573,Sari,126.8572095072617,37.290905887490304,commuter_rail,2020.0
574,Darwol,126.74538224217468,37.380003344699944,commuter_rail,2015.0
575,디지털미디어시티 Dijiteol Midieo Siti (Digital Media City),126.90002288755852,37.577697554767695,commuter_rail,2009.0
576,Susaek,126.89548081558473,37.58091413211622,commuter_rail,2009.0
577,Hwajeon,126.8676837007734,37.603392361219136,commuter_rail,2009.0
578,Haengsin,126.83411397962925,37.6121490555236,commuter_rail,2009.0
579,Neunggok,126.82055232353912,37.61891646766493,commuter_rail,2009.0
580,대곡 Daegok,126.80989994133955,37.63191708547626,commuter_rail,2009.0
581,Goksan,126.80179755286474,37.645723570790366,commuter_rail,2009.0
582,Baengma,126.79437708027058,37.658428430411576,commuter_rail,2009.0
583,Pungsan,126.78631276706648,37.672373575862295,commuter_rail,2009.0
584,Ilsan,126.76937502534639,37.68226398875109,commuter_rail,2009.0
585,Tanhyeon,126.76102681833368,37.694061765204665,commuter_rail,2009.0
586,Yadang,126.76154515524127,37.713008140350155,commuter_rail,2009.0
587,Unjeong,126.76707921809748,37.72541150126564,commuter_rail,2009.0
588,Geumneung,126.76530057777308,37.75146075666417,commuter_rail,2009.0
589,Geumchon,126.7744757052813,37.766191146997855,commuter_rail,2009.0
590,Paju,126.79242490895922,37.815060223237836,commuter_rail,2009.0
591,Wollong,126.79249331629306,37.79607268016491,commuter_rail,2009.0
592,Munsan,126.78798675584693,37.854422394580666,commuter_rail,2009.0
593,Gangmae,126.84458002862286,37.612299055607004,commuter_rail,2014.0
594,Gajwa,126.9150283450958,37.56858942589882,commuter_rail,2012.0
595,효창공원앞 Hyochang Gongwon (Hyochang Park),126.962386822724,37.53861544561509,commuter_rail,2016.0
596,Sinchon,126.9423407978818,37.55979938306733,commuter_rail,2009.0
597,서울역 Seoulyeok (Seoul Railway Station)),126.9712077750122,37.55459191370193,commuter_rail,2009.0
598,Imjingang,126.74840051132617,37.88824242876554,commuter_rail,2020.0
599,Dorasan,126.70909633106925,37.89834375908298,commuter_rail,2022.0
600,Hoegi,126.97771421178346,37.52750491059703,commuter_rail,
601,Seobinggo,126.97417895947143,37.52642876662709,commuter_rail,
602,Hannam,126.97440420691332,37.52630582262941,commuter_rail,
603,Oksu,126.97503480782208,37.52610775682946,commuter_rail,
604,Yangwon,127.1078886135848,37.606573210174346,commuter_rail,2006.0
605,Wondeok,127.54757603309636,37.46863633592395,commuter_rail,2010.0
606,Jipyeong,127.62979003142651,37.476376719973324,commuter_rail,2017.0
607,Guksu,127.40003596504118,37.51633004245784,commuter_rail,2009.0
608,Sinwon,127.3732082882496,37.52529415438242,commuter_rail,2009.0
609,Yangsu,127.32796306812924,37.54648821698885,commuter_rail,2009.0
610,Ungilsan,127.3095131856254,37.55495278913652,commuter_rail,2009.0
611,Yangpyeong,127.49182656527486,37.492872923434135,commuter_rail,2010.0
612,Obin,127.47362353062061,37.50617575817974,commuter_rail,2011.0
613,Asin,127.44312483960863,37.51388383145421,commuter_rail,2010.0
614,Mangu,127.09231248356184,37.59927869509845,commuter_rail,2006.0
615,Jungnang,126.97895420005538,37.52671770660729,commuter_rail,
616,Yongmun,127.59474736590106,37.48228309632837,commuter_rail,2010.0
617,Paldang,127.24397016860888,37.54736083090643,commuter_rail,2008.0
618,Dosim,127.2226207962396,37.57964627914052,commuter_rail,2008.0
619,Deokso,127.20835785233851,37.587154411498474,commuter_rail,2006.0
620,Yangjeong,127.19465536147118,37.60403555566158,commuter_rail,2006.0
621,Donong,127.16122624744457,37.60878533557985,commuter_rail,2006.0
622,Guri,127.14347698015433,37.60327619790645,commuter_rail,2006.0
623,청량리 Cheongnyangni,127.04854504861679,37.58044137830131,commuter_rail,
624,Uncheon,126.77037740220919,37.87952160561967,commuter_rail,2023.0
625,Sogang University,126.93493890365541,37.55253818729191,commuter_rail,2012.0
626,공덕 Gongdeok,126.95227814192631,37.54246540719485,commuter_rail,2012.0
627,Eungbong,126.97565093207699,37.52573717472451,commuter_rail,
628,Wangsimni,126.97622024269813,37.52538938712704,commuter_rail,
629,홍대입구 Hongdae-ipgu (Hongik University),126.92643118028911,37.55773106320122,commuter_rail,2013.0
630,Yeoju,127.62857601297566,37.28280826652397,commuter_rail,2016.0
631,Sejongdaewangneung,127.57067174257213,37.293619244461865,commuter_rail,2016.0
632,Bubal,127.49034522718256,37.2604059151611,commuter_rail,2016.0
633,Icheon,127.44220336332285,37.26423937178714,commuter_rail,2016.0
634,Sindundoyechon,127.40526126975772,37.315639351956165,commuter_rail,2016.0
635,Gonjiam,127.34629606540454,37.35050074261929,commuter_rail,2016.0
636,Chowol,127.29997173078533,37.37337477562477,commuter_rail,2016.0
637,Gyeonggi Gwangju,127.25333497264398,37.39889641643812,commuter_rail,2016.0
638,Samdong,127.20338444772466,37.40869010813232,commuter_rail,2016.0
639,Imae,127.1276259931974,37.394623441625185,commuter_rail,2016.0
640,판교 Pangyo,127.11125079437807,37.394711398479856,commuter_rail,2016.0
641,수서 Suseo,127.10156475855042,37.487327643116906,commuter_rail,1994.0
642,Gachon University,127.12672286645812,37.44868221094063,commuter_rail,1994.0
643,Taepyeong,127.1277486765278,37.43968998260878,commuter_rail,1994.0
644,Yatap,127.12871376156818,37.4112656053684,commuter_rail,1994.0
645,Imae,127.12824986754686,37.39594600872532,commuter_rail,2004.0
646,모란 Moran,127.12908851703389,37.43215629049567,commuter_rail,1994.0
647,Seohyeon,127.12331861391067,37.38490172189526,commuter_rail,1994.0
648,Sunae,127.11423121782639,37.37839484659192,commuter_rail,1994.0
649,Ori,127.108912921551,37.339828965475434,commuter_rail,1994.0
650,Guryong,127.05945015893673,37.48693166840292,commuter_rail,2004.0
651,Gaepo-dong,127.06603084654375,37.48909376315467,commuter_rail,2003.0
652,Hanti,127.0528599349741,37.496293855309474,commuter_rail,2003.0
653,도곡 Dogok,127.05538122165353,37.49088210675235,commuter_rail,2003.0
654,강남구청 Gangnam-gu Cheong (Gangnam-gu Office),127.04143235532399,37.51679168817358,commuter_rail,2012.0
655,선정릉 Seonjeongneung,127.04384163251291,37.51031825330395,commuter_rail,2012.0
656,Apgujeongrodeo,127.04071392482535,37.52783213695345,commuter_rail,2012.0
657,Seoul-forest,127.04474775435773,37.54362851769899,commuter_rail,2012.0
658,Wangsimni,127.03869574619944,37.561537063669974,commuter_rail,2012.0
659,Bojeong,127.10832709479502,37.31233263182996,commuter_rail,2011.0
660,Jukjeon,127.10740509478632,37.32454406682048,commuter_rail,2007.0
661,Giheung,127.11601374392423,37.275487320826116,commuter_rail,2011.0
662,Singal,127.11141029840337,37.28612114003556,commuter_rail,2011.0
663,Guseong,127.10575111242679,37.298995623836376,commuter_rail,2011.0
664,Sanggal,127.10883547504517,37.261688827568534,commuter_rail,2012.0
665,Maetan–Gwonseon,127.04036647832059,37.253027893084116,commuter_rail,2013.0
666,Mangpo,127.05699404829174,37.24576531933496,commuter_rail,2012.0
667,Yeongtong,127.07126283628149,37.251340682684706,commuter_rail,2012.0
668,Suwon City Hall,127.03182751305339,37.261651484914395,commuter_rail,2013.0
669,Daemosan,127.07273540528394,37.4913846063903,commuter_rail,2003.0
670,Maegyo,127.01569459577752,37.265482804514406,commuter_rail,2013.0
671,Cheongmyeong,127.07950096335391,37.25996590474113,commuter_rail,2012.0
672,청량리 Cheongnyangni,127.04854504861679,37.58044137830131,commuter_rail,
673,수원 Suwon,127.00036664141331,37.26626425782221,commuter_rail,2013.0
674,선릉 Seolleung,127.04886910175907,37.504618535952474,commuter_rail,2003.0
675,복정 Bokjeong,127.12661037976035,37.469810041568664,commuter_rail,1996.0
676,정자 Jeongja,127.10810785954868,37.36616258992785,commuter_rail,2002.0
677,미금 Migeum,127.10899806450328,37.34998204751476,commuter_rail,1994.0
678,수리산 Surisan,126.92560877807767,37.3505554785159,commuter_rail,2003.0
679,능길 Neunggil,126.76733020697048,37.33751204055673,commuter_rail,2000.0
680,정왕 Jeongwang,126.74296487104448,37.351805462797046,commuter_rail,2000.0
681,초지 Choji,126.80597082588173,37.32072284056137,commuter_rail,2012.0
682,금정 Geumjeong,126.94351222064073,37.371962158045406,commuter_rail,1988.0
683,대공원 Dae Gongwon (Seoul Grand Park),127.00654192761482,37.4357267369071,commuter_rail,1994.0
684,남태령 Namtaeryeong,126.98861880205251,37.464863325764604,commuter_rail,1994.0
685,Gwacheon Knowledge Information Town,126.9797929560812,37.41339546856817,commuter_rail,2025.0
686,경마공원 Gyeongma Gongwon (Seoul Racecourse Park),127.00785555072528,37.44388329355794,commuter_rail,1994.0
687,금정 Geumjeong,126.94351222064073,37.371962158045406,commuter_rail,1988.0
688,선바위 Seonbawi,127.00220361000177,37.45173282658747,commuter_rail,1994.0
689,과천 Gwacheon,126.99686108870506,37.43307166674264,commuter_rail,1994.0
690,정부과천청사 Jeongbu Gwacheon Cheongsa (Government Complex Gwacheon),126.98974861367681,37.42647010710392,commuter_rail,1994.0
691,명학 Myeonghak,126.93537804167647,37.384933848741255,commuter_rail,1974.0
692,남영 Namyeong,126.97133388129747,37.54067609581293,commuter_rail,1974.0
693,노량진 Noryangjin,126.94187327826029,37.51409556083367,commuter_rail,1974.0
694,대방 Daebang,126.92647094534277,37.513353298186956,commuter_rail,1974.0
695,신길 Singil,126.91728766747326,37.517090720980505,commuter_rail,1997.0
696,영등포 Yeongdeungpo,126.9075376699351,37.51577878535254,commuter_rail,1974.0
697,Uiwang,126.94801761463873,37.321011186919364,commuter_rail,2004.0
698,가산디지털단지역 Gasan Dijiteol Danji (Gasan Digital Complex),126.88262774570228,37.48154006927838,commuter_rail,2005.0
699,독산 Doksan,126.88951572449577,37.46597649151569,commuter_rail,1998.0
700,석수 Seoksu,126.90245916933856,37.434238186380384,commuter_rail,1982.0
701,성균관대 Seonggyungwandae (Sungkyunkwan University),126.97186603584714,37.300211669254566,commuter_rail,1994.0
702,세류 Seryu,127.0135483817059,37.24412537384977,commuter_rail,2003.0
703,병점 Byeongjeom,127.03310937191367,37.20687085890772,commuter_rail,2003.0
704,세마 Sema,127.0433320698753,37.18711670822698,commuter_rail,2005.0
705,오산대 Osandae (Osan University),127.06307478040645,37.169353762688075,commuter_rail,2005.0
706,오산 Osan,127.06674513836373,37.14544153879707,commuter_rail,2005.0
707,진위 Jinwi,127.06240686955806,37.110108573470555,commuter_rail,2006.0
708,송탄 Songtan,127.05435189316427,37.07560321519213,commuter_rail,2005.0
709,서정리 Seojeong-ri,127.05289084890308,37.056603300943735,commuter_rail,2005.0
710,성환 Seonghwan,127.12684879945795,36.91626326090115,commuter_rail,2005.0
711,직산 Jiksan,127.14380655941756,36.87096577371604,commuter_rail,2005.0
712,두정 Dujeong,127.14903398832087,36.833029666790026,commuter_rail,2005.0
713,천안 Cheonan,127.14678629652838,36.80899420943342,commuter_rail,2005.0
714,서동탄 Seodongtan,127.05207895245582,37.19562151380897,commuter_rail,2010.0
715,신도림 Sindorim,126.89161848947236,37.50909893381851,commuter_rail,1984.0
716,구로 Guro,126.88124395804039,37.502612981211485,commuter_rail,1974.0
717,Yongsan,126.97601967055382,37.528531941727294,commuter_rail,
718,금정 Geumjeong,126.94360153284529,37.37197815853549,commuter_rail,1988.0
719,관악 Gwanak,126.90911729611736,37.41876726682365,commuter_rail,1974.0
720,안양 Anyang,126.9224396915572,37.4021891920175,commuter_rail,1974.0
721,군포 Gunpo,126.94846465618599,37.35375039540145,commuter_rail,1974.0
722,당정 Dangjeong,126.94835504983831,37.343490179316234,commuter_rail,2010.0
723,화서 Hwaseo,126.98911778201125,37.284850822101674,commuter_rail,1974.0
724,수원 Suwon,127.00003322154402,37.265834082996946,commuter_rail,1974.0
725,평택지제 Pyeongtaek Jije,127.07040441378473,37.01885048144625,commuter_rail,2006.0
726,평택 Pyeongtaek,127.08562743587521,36.990364031675256,commuter_rail,2005.0
727,동암 Dongam,126.70287782811903,37.471037747151115,commuter_rail,1974.0
728,온수 Onsu,126.82405540200904,37.4924502571279,commuter_rail,1988.0
729,부개 Bugae,126.74059483348748,37.48848909539373,commuter_rail,1996.0
730,간석 Ganseok,126.6935344551838,37.464730438376804,commuter_rail,1994.0
731,부평 Bupyeong,126.72401260533024,37.48949590837489,commuter_rail,1974.0
732,백운 Baegun,126.70746604204231,37.4834425925216,commuter_rail,1984.0
733,주안 Juan,126.68059425244104,37.465010885534355,commuter_rail,1974.0
734,도화 Dohwa,126.66834663877103,37.46611882318447,commuter_rail,2001.0
735,제물포 Jemulpo,126.65697676385781,37.46681339437197,commuter_rail,1974.0
736,구로 Guro,126.88124395804039,37.502612981211485,commuter_rail,1974.0
737,구일 Guil,126.86972116597866,37.49620539534526,commuter_rail,1995.0
738,개봉 Gaebong,126.85872468745072,37.49459774960299,commuter_rail,1974.0
739,오류동 Oryu-dong,126.844565318521,37.49441305540623,commuter_rail,1974.0
740,역곡 Yeokgok,126.81158696338582,37.48514263634222,commuter_rail,1974.0
741,소사 Sosa,126.79560345963063,37.48277323776044,commuter_rail,1997.0
742,부천 Bucheon,126.7827166013173,37.48403692747647,commuter_rail,1974.0
743,중동 Jung-dong,126.76398767935444,37.48672080861678,commuter_rail,1987.0
744,송내 Songnae,126.7528791434483,37.487666765848374,commuter_rail,1974.0
745,도원 Dowon,126.6424020767131,37.46882708198898,commuter_rail,1994.0
746,동인천 Dongincheon,126.63305239973238,37.475131308344956,commuter_rail,1974.0
747,인천 Incheon,126.6167706515559,37.47593170670498,commuter_rail,1974.0
748,신이문 Sinimun,127.06731603271919,37.60170782713621,commuter_rail,1980.0
749,석계 Seokgye,127.06574957112821,37.614954048769505,commuter_rail,1985.0
750,광운대 Gwangundae (Kwangwoon University),127.06161439763179,37.62392504338085,commuter_rail,2013.0
751,의정부 Uijeongbu,127.046037744123,37.73756799555656,commuter_rail,1986.0
752,회룡 Hoeryong,127.04730657250144,37.72401211549432,commuter_rail,1986.0
753,망월사 Mangwolsa,127.04738342962412,37.71033122814231,commuter_rail,1986.0
754,도봉산 Dobongsan,127.04607953466075,37.68960040507564,commuter_rail,1988.0
755,도봉 Dobong,127.04556000585808,37.679200122268824,commuter_rail,1986.0
756,방학 Banghak,127.04430186776108,37.667513393337074,commuter_rail,1986.0
757,녹천 Nokcheon,127.05159067944288,37.64407996390106,commuter_rail,1985.0
758,월계 Wolgye,127.05886954873178,37.63386102010632,commuter_rail,1985.0
759,가능 Ganeung,127.04432705493542,37.74847202628838,commuter_rail,2006.0
760,소요산역 Soyosan,127.06098304450819,37.948274192089144,commuter_rail,2006.0
761,동두천 Dongducheon,127.05477559301968,37.92782628903314,commuter_rail,2006.0
762,양주 Yangju,127.04476226486841,37.77415380715896,commuter_rail,2007.0
763,동두천중앙 Dongducheon Jungang,127.05653651634191,37.9018012652445,commuter_rail,2006.0
764,지행 Jihaeng,127.05578162255495,37.89207727325517,commuter_rail,2006.0
765,덕정 Deokjeong,127.06154648941396,37.84340660667374,commuter_rail,2006.0
766,덕계 Deokgye,127.05671018202685,37.81877987932306,commuter_rail,2007.0
767,녹양 Nogyang,127.04234854328047,37.75932659030359,commuter_rail,2006.0
768,창동 Chang-dong,127.04766733997724,37.65346036790223,commuter_rail,1985.0
769,외대앞 Oedaeap (Hankuk University of Foreign Studies),127.063696948933,37.59616421249011,commuter_rail,1996.0
770,회기 Hoegi,127.05798296457486,37.589792543734546,commuter_rail,1980.0
771,Hantangang,127.06545366589336,38.006912575429766,commuter_rail,
772,Jeongok,127.07173788737367,38.02459743801887,commuter_rail,2023.0
773,Yeoncheon,127.07382906036781,38.10158890917559,commuter_rail,2023.0
774,Choseong Ri,127.07517324226492,38.00448305104856,commuter_rail,2023.0
775,보산 Bosan,127.05725213140181,37.91423593326651,commuter_rail,2006.0
776,봉명 Bongmyeong,127.135814843545,36.80125627873204,commuter_rail,2008.0
777,쌍용 Ssangyong,127.1213676153098,36.793792788527554,commuter_rail,2008.0
778,아산 Asan,127.10348674477018,36.791947176512,commuter_rail,2008.0
779,배방 Baebang,127.0530587668784,36.7776152000203,commuter_rail,2008.0
780,온양온천 Onyangoncheon,127.00330541919975,36.78050044011465,commuter_rail,2008.0
781,신창 Sinchang,126.95179332225854,36.7697759898964,commuter_rail,2008.0
782,탕정 Tangjeong,127.08507569543777,36.788468279242686,commuter_rail,2022.0
783,광운대 Gwangundae (Kwangwoon University),127.06178727227285,37.62397730913915,commuter_rail,2016.0
784,상봉 Sangbong,127.08582261966457,37.59716774205881,commuter_rail,2011.0
785,강남 Gangnam,127.02766547207744,37.49768833019267,commuter_rail,2011.0
786,양재 Yangjae,127.03471373191059,37.48379040971011,commuter_rail,2011.0
787,양재시민의숲[매헌] Yangjae-simin-uisup[Maeheon] (Yangjae Citizen's Forest[Maeheon]),127.03835628951566,37.47017250493832,commuter_rail,2011.0
788,신사 Sinsa,127.01954633854172,37.51594421460126,commuter_rail,2022.0
789,동천 Dongcheon,127.10279157861265,37.337920080414946,commuter_rail,2016.0
790,수지구청 Suji-gu Cheong (Suji-gu Office),127.09474642078584,37.32252712721173,commuter_rail,2016.0
791,신논현 Sinnonhyeon,127.0247174758715,37.503916057564076,commuter_rail,2022.0
792,논현 Nonhyeon,127.02162459325629,37.51039461029884,commuter_rail,2022.0
793,청계산입구 Cheonggyesan,127.05453513036736,37.4484230185294,commuter_rail,2011.0
794,판교 Pangyo,127.11117714049908,37.39477424274638,commuter_rail,2011.0
795,정자 Jeongja,127.10844199543017,37.36691444191852,commuter_rail,2011.0
796,미금 Migeum,127.1088742660482,37.34996523153417,commuter_rail,2018.0
797,성복 Seongbok,127.08046829396653,37.31365897010154,commuter_rail,2016.0
798,상현 Sanghyeon,127.06926575894835,37.29745429127466,commuter_rail,2016.0
799,광교중앙 Gwanggyo Jungang,127.05153536356829,37.28854386998238,commuter_rail,2016.0
800,광교 Gwanggyo,127.04406295893216,37.30221338091991,commuter_rail,2016.0
801,Hoegi,126.97771421178346,37.52750491059703,commuter_rail,
802,Seobinggo,126.97417895947143,37.52642876662709,commuter_rail,
803,Hannam,126.97440420691332,37.52630582262941,commuter_rail,
804,Oksu,126.97503480782208,37.52610775682946,commuter_rail,
805,Yangwon,127.1078886135848,37.606573210174346,commuter_rail,2006.0
806,Wondeok,127.54757603309636,37.46863633592395,commuter_rail,2010.0
807,Jipyeong,127.62979003142651,37.476376719973324,commuter_rail,2017.0
808,Guksu,127.40003596504118,37.51633004245784,commuter_rail,2009.0
809,Sinwon,127.3732082882496,37.52529415438242,commuter_rail,2009.0
810,Yangsu,127.32796306812924,37.54648821698885,commuter_rail,2009.0
811,Ungilsan,127.3095131856254,37.55495278913652,commuter_rail,2009.0
812,Yangpyeong,127.49182656527486,37.492872923434135,commuter_rail,2010.0
813,Obin,127.47362353062061,37.50617575817974,commuter_rail,2011.0
814,Asin,127.44312483960863,37.51388383145421,commuter_rail,2010.0
815,Mangu,127.09231248356184,37.59927869509845,commuter_rail,2006.0
816,Jungnang,126.97895420005538,37.52671770660729,commuter_rail,
817,Yongmun,127.59474736590106,37.48228309632837,commuter_rail,2010.0
818,Paldang,127.24397016860888,37.54736083090643,commuter_rail,2008.0
819,Dosim,127.2226207962396,37.57964627914052,commuter_rail,2008.0
820,Deokso,127.20835785233851,37.587154411498474,commuter_rail,2006.0
821,Yangjeong,127.19465536147118,37.60403555566158,commuter_rail,2006.0
822,Donong,127.16122624744457,37.60878533557985,commuter_rail,2006.0
823,Guri,127.14347698015433,37.60327619790645,commuter_rail,2006.0
824,청량리 Cheongnyangni,127.04854504861679,37.58044137830131,commuter_rail,
825,Eungbong,126.97565093207699,37.52573717472451,commuter_rail,
826,Wangsimni,126.97622024269813,37.52538938712704,commuter_rail,
827,디지털미디어시티 Dijiteol Midieo Siti (Digital Media City),126.90002288755852,37.577697554767695,commuter_rail,2009.0
828,Susaek,126.89548081558473,37.58091413211622,commuter_rail,2009.0
829,Hwajeon,126.8676837007734,37.603392361219136,commuter_rail,2009.0
830,Haengsin,126.83411397962925,37.6121490555236,commuter_rail,2009.0
831,Neunggok,126.82055232353912,37.61891646766493,commuter_rail,2009.0
832,대곡 Daegok,126.80989994133955,37.63191708547626,commuter_rail,2009.0
833,Goksan,126.80179755286474,37.645723570790366,commuter_rail,2009.0
834,Baengma,126.79437708027058,37.658428430411576,commuter_rail,2009.0
835,Pungsan,126.78631276706648,37.672373575862295,commuter_rail,2009.0
836,Ilsan,126.76937502534639,37.68226398875109,commuter_rail,2009.0
837,Tanhyeon,126.76102681833368,37.694061765204665,commuter_rail,2009.0
838,Yadang,126.76154515524127,37.713008140350155,commuter_rail,2009.0
839,Unjeong,126.76707921809748,37.72541150126564,commuter_rail,2009.0
840,Geumneung,126.76530057777308,37.75146075666417,commuter_rail,2009.0
841,Geumchon,126.7744757052813,37.766191146997855,commuter_rail,2009.0
842,Paju,126.79242490895922,37.815060223237836,commuter_rail,2009.0
843,Wollong,126.79249331629306,37.79607268016491,commuter_rail,2009.0
844,Munsan,126.78798675584693,37.854422394580666,commuter_rail,2009.0
845,Gangmae,126.84458002862286,37.612299055607004,commuter_rail,2014.0
846,Gajwa,126.9150283450958,37.56858942589882,commuter_rail,2012.0
847,효창공원앞 Hyochang Gongwon (Hyochang Park),126.962386822724,37.53861544561509,commuter_rail,2016.0
848,Sinchon,126.9423407978818,37.55979938306733,commuter_rail,2009.0
849,Yongsan,126.97376935613305,37.52798400223526,commuter_rail,
850,서울역 Seoulyeok (Seoul Railway Station)),126.9712077750122,37.55459191370193,commuter_rail,2009.0
851,Imjingang,126.74840051132617,37.88824242876554,commuter_rail,2020.0
852,Dorasan,126.70909633106925,37.89834375908298,commuter_rail,2022.0
853,Uncheon,126.77037740220919,37.87952160561967,commuter_rail,2023.0
854,Sogang University,126.93493890365541,37.55253818729191,commuter_rail,2012.0
855,공덕 Gongdeok,126.95227814192631,37.54246540719485,commuter_rail,2012.0
856,홍대입구 Hongdae-ipgu (Hongik University),126.92643118028911,37.55773106320122,commuter_rail,2013.0
857,광명 Gwangmyeong,126.88271741215448,37.4169447514539,commuter_rail,2024.0
858,Siheungsageori,126.90064595015332,37.45430912501942,commuter_rail,2024.0
859,Doksan,126.8978378333561,37.46805473380195,commuter_rail,2024.0
860,Seoksu,126.90201942867435,37.436429165761325,commuter_rail,2024.0
861,Daerimsamgeori,126.9076001294589,37.49037663906857,commuter_rail,2024.0
862,Dorimsageori,126.9013734915739,37.50672420525204,commuter_rail,2024.0
863,영등포 Yeongdeungpo,126.90608033405755,37.51622713040089,commuter_rail,2024.0
864,구로디지털단지 Guro Dijiteol Danji (Guro Digital Complex),126.90266106900242,37.4843526257971,commuter_rail,2024.0
865,여의도 Yeouido,126.92350545799025,37.52120039425441,commuter_rail,2024.0
866,신풍 Sinpung,126.9055648168133,37.500497873550145,commuter_rail,2024.0
867,Bukhansan Ui,127.01256342092478,37.663084079636846,light_rail,2017.0
868,Solbat Park,127.01321086376379,37.65603932519244,light_rail,2017.0
869,April 19th National Cemetery,127.01369118735079,37.649394723551225,light_rail,2017.0
870,Gaori,127.0165505934458,37.64208102987105,light_rail,2017.0
871,Hwagye,127.017432149515,37.63424490639245,light_rail,2017.0
872,Samyang,127.01808107431276,37.626971766899274,light_rail,2017.0
873,Samyang Sageori,127.02046616719394,37.6212034244698,light_rail,2017.0
874,Solsaem,127.01434058395387,37.6201749113616,light_rail,2017.0
875,Bukhansan Bogungmun,127.00832194656863,37.6118762661889,light_rail,2017.0
876,Jeongneung,127.01336768755982,37.602865981518974,light_rail,2017.0
877,성신여대입구 Seongsinyeodae-ipgu (Sungshin Women's University),127.01652270941872,37.592471821168786,light_rail,2017.0
878,신설동 Sinseol-dong,127.02324196848781,37.575949615745174,light_rail,2017.0
879,보문 Bomun,127.01949998785307,37.58503054200932,light_rail,2017.0
880,구래 Gurae,126.62815002686739,37.64530125802109,light_rail,2019.0
881,마산 Masan,126.64356695428091,37.64050833553297,light_rail,2019.0
882,장기 Janggi,126.66899144576837,37.644065950945844,light_rail,2019.0
883,사우 Sau,126.71966755831068,37.620324495766425,light_rail,2019.0
884,고촌 Gochon,126.77016375278743,37.60136079472893,light_rail,2019.0
885,김포공항 Gimpo Gonghang (Gimpo International Airport),126.80195204547951,37.56223590398502,light_rail,2019.0
886,양촌 Yangchon,126.61475213949336,37.6417654045286,light_rail,2019.0
887,운양 Unyang,126.68379239668212,37.65382827401045,light_rail,2019.0
888,걸포북변 Geolpo Bukbyeon,126.70576256552567,37.631670312562235,light_rail,2019.0
889,풍무 Pungmu,126.73240553306584,37.61246055575339,light_rail,2019.0
890,Wanggil,126.64316099294024,37.5953107116969,light_rail,2016.0
891,Majeon,126.66716662206214,37.59766568886745,light_rail,2016.0
892,Geomdan Oryu,126.62799594288994,37.59496476833685,light_rail,2016.0
893,Dokjeong,126.67592948788354,37.585026429430556,light_rail,2016.0
894,Wanjeong,126.67289881962843,37.592994764933,light_rail,2016.0
895,Geomdan Sageori,126.65667746228615,37.6017881674357,light_rail,2016.0
896,검암 Geomam,126.6755201929184,37.5688223444516,light_rail,2016.0
897,West Woman's Community Center,126.67588452251873,37.5003670901397,light_rail,2016.0
898,Gajeong Jungang Market,126.67684802495172,37.517498887304484,light_rail,2016.0
899,Gajeong,126.6753633436602,37.52474734591415,light_rail,2016.0
900,Seo-gu Office,126.67686242406374,37.54396550313592,light_rail,2016.0
901,Asiad Stadium,126.67713868384038,37.55166706254724,light_rail,2016.0
902,Geombawi,126.677513127007,37.56135207161331,light_rail,2016.0
903,석남 Seongnam,126.6762926908814,37.507198257699216,light_rail,2016.0
904,Gajae-ul,126.6837293509547,37.48419452391664,light_rail,2016.0
905,Juan National Industrial Complex,126.68117333595643,37.47389531637458,light_rail,2016.0
906,Incheon Gajwa,126.67528636229486,37.48987849708641,light_rail,2016.0
907,Mansu,126.73199499600165,37.454970970888574,light_rail,2016.0
908,Moraenae Market,126.7194499115185,37.455910840566034,light_rail,2016.0
909,Seokcheon Sageori,126.71074664527451,37.45678108279728,light_rail,2016.0
910,Incheon City Hall,126.70175495104884,37.456903731860216,light_rail,2016.0
911,Seokbawi Market,126.69221729983916,37.45772930815631,light_rail,2016.0
912,Citizens Park,126.68060073894279,37.4584401922978,light_rail,2016.0
913,주안 Juan,126.6790494955559,37.46522906824831,light_rail,2016.0
914,Namdong-gu Office,126.73672083431882,37.44817726152918,light_rail,2016.0
915,Unyeon,126.75954965927129,37.43963984387254,light_rail,2016.0
916,Incheon Grand Park,126.7530303925023,37.44843015873406,light_rail,2016.0
917,Beomgol,127.04368067460376,37.72876655641011,light_rail,2012.0
918,회룡 Hoeryong,127.04735777628258,37.72494956873474,light_rail,2012.0
919,Uijeongbu City Hall,127.03490349155372,37.73924604790966,light_rail,2012.0
920,Sae-mal,127.06371860582703,37.748836465937885,light_rail,2012.0
921,Dong-o,127.05697721045883,37.74521767700538,light_rail,2012.0
922,Hyoja,127.07732367398063,37.753969845971056,light_rail,2012.0
923,Tapseok,127.08894076179268,37.733531504665336,light_rail,2012.0
924,Songsan,127.08724876803142,37.737277614330736,light_rail,2012.0
925,Heungseon,127.03717895388546,37.743275584524234,light_rail,2012.0
926,Uijeongbu,127.04333680698686,37.73725667898024,light_rail,2012.0
927,Balgok,127.05295466538156,37.72698018781968,light_rail,2012.0
928,Uijeongbu Jung-ang,127.04969556976428,37.74368080764001,light_rail,2012.0
929,Depot Temporary Platform (Multi-Culture Convergence Complex),127.09442466646317,37.728897663089995,light_rail,2021.0
930,Eoryong,127.08521855242432,37.74268901377593,light_rail,2012.0
931,Gonjae,127.083820178257,37.750536772735565,light_rail,2012.0
932,Gyeonggi Provincial Government Northern Office,127.0716265368082,37.75072011128506,light_rail,2012.0
933,Long Term Parking,126.45553279318227,37.443969108604406,people_mover,2016.0
934,Paradise City,126.45985562503762,37.43714651040463,people_mover,2016.0
935,Water Park,126.43412478757631,37.429193414824496,people_mover,2016.0
936,Yongyu,126.42359383678775,37.424827173878754,people_mover,2016.0
937,Administration Complex,126.45859124418965,37.4405365810985,people_mover,2016.0
938,인천공항 1터미널 incheon Gonghang 1 Teomineol (Incheon International Airport Terminal 1),126.45291689294197,37.446995132855776,people_mover,2016.0
939,Giheung,127.11671562457246,37.2754784907257,people_mover,2013.0
940,Kangnam University,127.12605882988669,37.270184297499,people_mover,2013.0
941,Jiseok,127.13674428520164,37.269743474068136,people_mover,2013.0
942,Eojeong,127.1437685865422,37.27493996889399,people_mover,2013.0
943,Dongbaek,127.1527454782788,37.26903125223512,people_mover,2013.0
944,Chodang,127.15946492145525,37.260805512528506,people_mover,2013.0
945,Samga,127.1681522844122,37.242140452823136,people_mover,2013.0
946,City Hall-Yongin University,127.17890180860348,37.239434175029544,people_mover,2013.0
947,Myongji University,127.19030848315418,37.238000696949456,people_mover,2013.0
948,Gimnyangjang,127.19871191007076,37.237274959393716,people_mover,2013.0
949,Stadium-Songdam College,127.20912520004345,37.2379008035696,people_mover,2013.0
950,Gojin,127.21412470407483,37.24468425357364,people_mover,2013.0
951,Bopyeong,127.21839845810047,37.258974518381294,people_mover,2013.0
952,Dunjeon,127.21367048825789,37.267090008871875,people_mover,2013.0
953,Jeondae-Everland,127.2195489511941,37.28534509926732,people_mover,2013.0
954,Wolmi Sea,126.61635034884142,37.47547760577335,people_mover,2019.0
955,Wolmi Park,126.60612669159497,37.47636786182969,people_mover,2019.0
956,Wolmi Culture Street,126.59926438429198,37.47737197577483,people_mover,2019.0
957,Museum,126.597415406045,37.4703552080294,people_mover,2019.0
958,Seoul Regional Military Manpower Administration,126.92273495750703,37.506023872747164,people_mover,2022.0
959,Boramae Park,126.91817427081537,37.4953513833459,people_mover,2022.0
960,대방 Daebang,126.92525679457738,37.51278514955702,people_mover,2022.0
961,신림 Sillim,126.92959103744391,37.484871824642894,people_mover,2022.0
962,보라매 Boramae,126.92042085661154,37.50021028827055,people_mover,2022.0
963,Seorim,126.93373421147236,37.47199667198858,people_mover,2022.0
964,Seowon,126.93312518553903,37.478140211936115,people_mover,2022.0
965,Gwanaksan,126.94525161177211,37.46881569965549,people_mover,2022.0
966,Danggok,126.92792340431689,37.489594045489724,people_mover,2022.0
967,Boramae Medical Center,126.9242164159568,37.49298354649656,people_mover,2022.0
968,여의도 Saetgang,126.9291252294967,37.517045802178274,people_mover,2022.0
969,Dongtan,127.0957518186683,37.20101097780703,high_speed_rail,2016.0
970,Cheonan-Asan,127.10453381152388,36.79446639262787,high_speed_rail,2016.0
971,Suseo,127.104475481267,37.48577493032859,high_speed_rail,2016.0
972,평택지제 Pyeongtaek Jije,127.06984755018237,37.01882922128145,high_speed_rail,2016.0
973,Cheonan-Asan,127.10453381152388,36.79446639262787,high_speed_rail,2016.0
